{
  "usersInfo": [
    {
      "id": 1,
      "fullName": "Rupesh Mestry",
      "mobile": "9820160376",
      "emailid": "ramchat@gmail.com",
      "doctororpatient": "Doctor",
      "password": "1234"
    },
    {
      "id": 2,
      "fullName": "Roshan Ghatge",
      "mobile": "9870123245",
      "emailid": "roshan@gmail.com",
      "doctororpatient": "Doctor",
      "password": "1234"
    },
    {
      "id": 3,
      "fullName": "R Mestry",
      "mobile": "9820160376",
      "emailid": "ramchat007@gmail.com",
      "doctororpatient": "Patient",
      "password": "11111"
    },
    {
      "id": 4,
      "fullName": "z",
      "mobile": "9820160376",
      "emailid": "ramchat007@z.com",
      "doctororpatient": "Patient",
      "password": "11111"
    },
    {
      "fullName": "Raj",
      "mobile": "1234567890",
      "emailid": "raj@g.com",
      "doctororpatient": "Patient",
      "password": "11111",
      "id": 5
    },
    {
      "fullName": "RAM",
      "mobile": "1234567890",
      "emailid": "abc@gmail.com",
      "doctororpatient": "Patient",
      "password": "1111",
      "id": 6
    }
  ],
  "bookingInfo": [
    {
      "patientName": "123",
      "mobile": "1111111111",
      "docId": "1",
      "slotDate": "2021-09-30",
      "slotTime": "10:00 AM to 11:00 AM",
      "id": 1
    },
    {
      "patientName": "sdf",
      "mobile": "1111111111",
      "docId": "1",
      "slotDate": "2021-10-01",
      "slotTime": "10:00 AM to 11:00 AM",
      "id": 2
    },
    {
      "patientName": "sffdsf",
      "mobile": "1111111111",
      "docId": "1",
      "slotDate": "2021-09-30",
      "slotTime": "11:00 AM to 12:00 PM",
      "id": 3
    }
  ]
}